Time,Open,High,Low,Close,Volume,Count,Wap
20230317  03:00:00,307.45,307.78,307.17,307.5,984.96,202,307.543
20230317  03:20:00,307.41,307.89,307.41,307.7,1339.07,209,307.751
20230317  03:40:00,307.72,307.72,306.98,307.14,456.08,102,307.375
20230317  04:00:00,307.38,307.52,306.7,307.01,633.29,105,307.027
20230317  04:20:00,307.12,307.24,306.96,307.2,212.72,38,307.082
20230317  04:40:00,307.11,307.35,306.88,307.2,100.49,28,307.138
20230317  05:00:00,307.21,307.28,306.8,306.82,117.74,50,306.985
20230317  05:20:00,306.84,307.29,306.75,307.25,167.13,38,307.036
20230317  05:40:00,307.27,307.34,307.02,307.02,134.36,58,307.209
20230317  06:00:00,307.03,307.27,306.85,306.85,832.05,191,307.085
20230317  06:20:00,306.88,307.02,306.5,306.6,679.43,180,306.741
20230317  06:40:00,306.63,307.41,306.63,307.33,955.76,360,307.085
20230317  07:00:00,307.03,308.03,306.58,306.87,1878.19,611,307.105
20230317  07:20:00,306.86,306.86,305.68,305.95,3596.91,1313,306.075
20230317  07:40:00,305.99,306.23,305.52,305.91,3876.24,1444,305.998
20230317  08:00:00,305.92,306.64,305.9,306.49,2001.03,850,306.434
20230317  08:20:00,306.49,307.86,306.31,307.78,33797.91,19012,306.909
20230317  08:40:00,307.8,308.03,306.49,307.63,37258.57,23071,307.086
20230317  09:00:00,307.68,309.15,306.9,307.01,38376.6,23666,308.138
20230317  09:20:00,307.02,307.23,304.76,305.48,49213.6,30573,306.011
20230317  09:40:00,305.48,305.57,304.23,305.16,29589.19,17331,304.853
20230317  10:00:00,305.15,305.72,304.44,305.43,20372.42,11276,305.096
20230317  10:20:00,305.45,305.6,303.68,303.9,22743.89,12300,304.449
20230317  10:40:00,303.91,304.6,303.37,304.45,17970.96,11132,304.057
20230317  11:00:00,304.47,305.35,304.22,304.58,19272.87,11422,304.828
20230317  11:20:00,304.59,306.07,304.28,305.26,21230.56,12782,305.312
20230317  11:40:00,305.28,305.43,304.44,305.01,13196.41,7433,305.015
20230317  12:00:00,305,306.15,304.95,305.76,21085.51,10875,305.583
20230317  12:20:00,305.78,306.41,305.26,305.81,15942.05,8619,305.808
20230317  12:40:00,305.82,306.13,305.16,306.05,14620.05,7897,305.712
20230317  13:00:00,306.06,306.53,304.85,305.02,19306.87,11112,305.634
20230317  13:20:00,305.02,305.14,304.16,304.44,18407.58,10369,304.55
20230317  13:40:00,304.43,304.93,303.73,304.63,19134.63,11023,304.324
20230317  14:00:00,304.66,305.69,304.23,305.39,27934.12,15481,304.888
20230317  14:20:00,305.38,305.77,304.72,304.99,25771.77,12625,305.237
20230317  14:40:00,304.97,305.71,304.59,305.33,53408.21,28742,305.189
20230317  15:00:00,305.32,305.9,305.3,305.65,9645.62,1796,305.573
20230317  15:20:00,305.65,305.65,305.36,305.39,4282.7,453,305.423
20230317  15:40:00,305.37,305.46,305.25,305.33,1408.46,364,305.345
20230317  16:00:00,305.27,305.54,305.21,305.4,609.16,264,305.339
20230317  16:20:00,305.54,305.74,305.5,305.7,342.79,108,305.603
20230317  16:40:00,305.7,305.75,305.67,305.7,344.89,99,305.705
20230317  17:00:00,305.68,305.77,305.36,305.72,32503.6,44,305.361
20230317  17:20:00,305.72,305.75,305.6,305.7,298.37,50,305.718
20230317  17:40:00,305.7,305.79,305.7,305.77,101.1,34,305.745
20230317  18:00:00,305.7,305.75,305.7,305.7,28.07,16,305.705
20230317  18:20:00,305.7,305.76,305.66,305.66,42.73,15,305.728
20230317  18:40:00,305.64,305.77,305.02,305.5,286.82,54,305.62
20230320  03:00:00,304,304,301.58,302.12,502.61,197,303.351
20230320  03:20:00,302.2,303.57,302.2,303.57,305.84,92,302.642
20230320  03:40:00,303.55,304.14,303.48,304.03,204.38,64,303.704
20230320  04:00:00,304.23,305,303.94,303.95,341.97,112,304.473
20230320  04:20:00,304.1,305.17,303.92,304.89,217.46,71,304.535
20230320  04:40:00,304.81,305.19,304.66,304.91,120.58,49,304.893
20230320  05:00:00,304.91,305.7,304.66,305.01,304.91,104,305.328
20230320  05:20:00,304.84,305.2,304.84,305.18,397.17,99,304.973
20230320  05:40:00,305.21,305.4,304.94,305.16,541.95,124,305.206
20230320  06:00:00,305.13,305.18,304.36,304.4,625.98,177,304.763
20230320  06:20:00,304.49,305.27,304.28,304.49,855.05,293,304.713
20230320  06:40:00,304.44,304.72,304.09,304.65,780.21,330,304.428
20230320  07:00:00,304.49,305.69,302.15,304.5,2115.33,669,304.479
20230320  07:20:00,304.43,305.59,304.3,305.31,1394.43,715,305.014
20230320  07:40:00,305.32,305.86,305,305.47,2320.47,876,305.5
20230320  08:00:00,305.5,305.52,304.59,304.6,2876.7,1261,305.042
20230320  08:20:00,304.64,304.74,302.63,303.57,32506.13,19207,303.734
20230320  08:40:00,303.56,303.95,302.01,302.81,40613.04,24447,302.993
20230320  09:00:00,302.82,304.04,302.67,302.77,31174.2,16619,303.374
20230320  09:20:00,302.78,304.33,302.59,303.36,22182.92,13190,303.652
20230320  09:40:00,303.36,304.93,303.33,304.77,17755.19,9442,304.15
20230320  10:00:00,304.77,305.31,304.62,305.08,19577.65,10868,304.979
20230320  10:20:00,305.11,306.05,304.96,305.53,15541.32,8582,305.515
20230320  10:40:00,305.52,305.66,304.03,304.09,15514.61,8402,304.818
20230320  11:00:00,304.09,304.32,302.85,303.52,20211.84,10493,303.684
20230320  11:20:00,303.53,304.06,303.29,303.92,10692.98,6209,303.726
20230320  11:40:00,303.9,304.94,303.55,304.57,16699.49,9097,304.295
20230320  12:00:00,304.61,305.28,304.49,305.12,9734.68,5527,304.9
20230320  12:20:00,305.13,305.38,304.69,305.01,14940.57,7513,305.016
20230320  12:40:00,305.02,305.44,304.93,305.18,8503.08,4723,305.171
20230320  13:00:00,305.16,305.32,304.65,305.06,9955.49,5627,304.921
20230320  13:20:00,305.07,305.59,304.61,304.68,16034.71,8307,305.16
20230320  13:40:00,304.67,305.74,304.48,305.17,11153.31,5991,305.181
20230320  14:00:00,305.15,305.51,304.84,305.28,10309.62,5144,305.139
20230320  14:20:00,305.28,305.55,304.73,305.41,14795.27,7369,305.215
20230320  14:40:00,305.4,306.3,305.29,305.91,37492.16,17881,305.797
20230320  15:00:00,305.93,306.05,305.78,305.98,22507.51,1027,305.951
20230320  15:20:00,305.95,306.06,305.85,306.02,921.05,301,305.941
20230320  15:40:00,306.03,306.19,305.97,306.08,2373.06,108,305.991
20230320  16:00:00,306.1,306.13,306.08,306.1,56.91,20,306.103
20230320  16:20:00,306.14,306.19,306.07,306.19,79.05,25,306.116
20230320  16:40:00,306.17,306.3,306.11,306.11,173.3,48,306.209
20230320  17:00:00,306.11,306.13,305.78,306,453.07,83,305.972
20230320  17:20:00,305.95,306.1,305.89,306.08,34.88,12,305.997
20230320  17:40:00,306.09,306.09,305.9,306.04,59.76,20,305.999
20230320  18:00:00,306,306,305.8,305.8,65.4,26,305.886
20230320  18:20:00,305.84,305.86,305.68,305.82,185.17,51,305.786
20230320  18:40:00,305.84,305.91,305.75,305.89,121.67,41,305.823
20230321  03:00:00,306.67,306.8,306.4,306.8,140.72,57,306.61
20230321  03:20:00,306.81,306.94,306.54,306.56,160.6,36,306.746
20230321  03:40:00,306.57,306.59,306.35,306.59,49.73,19,306.439
20230321  04:00:00,306.35,306.49,306.24,306.48,109.18,44,306.329
20230321  04:20:00,306.43,306.44,306.2,306.3,178.11,45,306.331
20230321  04:40:00,306.29,306.52,306.08,306.52,94.03,36,306.338
20230321  05:00:00,306.69,306.77,306.43,306.64,140.46,47,306.636
20230321  05:20:00,306.7,307.29,306.68,307.12,236.7,80,307.091
20230321  05:40:00,307.13,307.2,306.6,306.77,252.91,81,306.796
20230321  06:00:00,306.76,307.25,306.75,307.25,557.65,157,307.021
20230321  06:20:00,307.25,308.15,307.25,307.87,898.22,257,307.822
20230321  06:40:00,307.93,308.32,307.91,308.13,685.47,288,308.1
20230321  07:00:00,308.01,308.28,305.91,307.66,1886.55,606,307.846
20230321  07:20:00,307.68,307.91,307.62,307.87,1098.87,477,307.734
20230321  07:40:00,307.84,307.84,307.43,307.67,1036.54,582,307.645
20230321  08:00:00,307.64,308.21,307.59,307.9,1435.99,820,307.928
20230321  08:20:00,307.93,308.88,307.82,308.14,21348.57,11931,308.374
20230321  08:40:00,308.15,308.94,307.63,308.85,26126.91,15969,308.347
20230321  09:00:00,308.86,309.4,307.47,307.84,31455.63,18900,308.389
20230321  09:20:00,307.82,307.98,306.9,307.47,18655.28,11310,307.362
20230321  09:40:00,307.48,307.62,306.41,306.86,15348.44,8976,307.061
20230321  10:00:00,306.87,307.98,306.69,307.9,13165.57,7902,307.288
20230321  10:20:00,307.89,307.94,306.86,307.03,13335.53,8669,307.477
20230321  10:40:00,307.01,307.18,306.39,306.85,17382.22,11290,306.811
20230321  11:00:00,306.87,307.61,306.67,307.43,13893.24,7823,307.231
20230321  11:20:00,307.44,308.1,307.37,307.81,12099.25,7228,307.798
20230321  11:40:00,307.82,308.21,307.43,308.01,10707.26,6295,307.839
20230321  12:00:00,308,308.49,307.81,308.42,10598.73,6146,308.11
20230321  12:20:00,308.43,308.95,308.2,308.69,10744.5,5908,308.616
20230321  12:40:00,308.69,308.78,308.06,308.06,10208.05,5969,308.521
20230321  13:00:00,308.09,308.59,308.03,308.39,9962.57,5154,308.334
20230321  13:20:00,308.4,309.03,308.32,308.76,10504.49,5656,308.712
20230321  13:40:00,308.75,309.64,308.72,309.43,10948.78,6116,309.178
20230321  14:00:00,309.43,310,309.39,309.9,15485.15,8366,309.715
20230321  14:20:00,309.89,310.41,309.55,310.37,18547.3,10529,309.896
20230321  14:40:00,310.37,310.8,309.9,310.32,50167.27,26030,310.373
20230321  15:00:00,310.32,310.44,310.19,310.23,16599.08,1077,310.326
20230321  15:20:00,310.22,310.52,310.22,310.37,1338.51,426,310.398
20230321  15:40:00,310.39,310.42,310.22,310.22,1477.58,106,310.331
20230321  16:00:00,310.28,310.31,310.2,310.22,365.18,39,310.207
20230321  16:20:00,310.2,310.2,310.02,310.12,596.82,104,310.109
20230321  16:40:00,310.07,310.08,310.01,310.03,170.57,60,310.043
20230321  17:00:00,310.09,310.18,309.99,309.99,755.08,142,310.029
20230321  17:20:00,309.99,310.34,309.99,310.09,4964.69,55,310.325
20230321  17:40:00,310.09,310.14,310.06,310.06,92.81,28,310.086
20230321  18:00:00,310.13,310.14,310.07,310.08,36.22,20,310.114
20230321  18:20:00,310.09,310.22,310.09,310.12,84.29,28,310.155
20230321  18:40:00,310.13,310.2,309.99,310.1,294.97,94,310.098
20230322  03:00:00,309.28,309.34,308.8,308.8,366.22,105,309.148
20230322  03:20:00,308.8,308.95,308.75,308.9,40.58,21,308.847
20230322  03:40:00,308.92,309.1,308.92,308.93,100.34,32,308.982
20230322  04:00:00,308.82,309.27,308.81,309.26,134.09,29,308.892
20230322  04:20:00,309.31,309.58,309.28,309.58,61.61,28,309.434
20230322  04:40:00,309.61,309.64,309.39,309.39,70.63,25,309.48
20230322  05:00:00,309.48,309.6,309.32,309.6,228.55,57,309.491
20230322  05:20:00,309.67,309.7,309.46,309.55,81.72,32,309.59
20230322  05:40:00,309.47,309.89,309.47,309.83,104.6,38,309.707
20230322  06:00:00,309.78,310.13,309.76,310.13,242.48,69,309.927
20230322  06:20:00,310.08,310.14,309.9,309.9,192.97,60,310.052
20230322  06:40:00,309.9,309.92,309.59,309.75,568.15,257,309.722
20230322  07:00:00,309.76,310.58,308.82,309.48,885.2,348,309.705
20230322  07:20:00,309.45,309.81,309.41,309.76,361.21,215,309.586
20230322  07:40:00,309.78,309.89,309.67,309.85,437.16,276,309.787
20230322  08:00:00,309.78,310.27,309.76,310.27,837.75,431,310.042
20230322  08:20:00,310.23,310.42,309.74,310.4,11721.48,7128,310.156
20230322  08:40:00,310.4,310.82,309.92,310.51,16763.37,10011,310.326
20230322  09:00:00,310.5,310.78,310.03,310.44,12915.9,7260,310.406
20230322  09:20:00,310.44,311.84,310.43,311.38,24438.37,14165,311.365
20230322  09:40:00,311.38,311.47,310.94,311.22,9723.61,5353,311.254
20230322  10:00:00,311.21,311.32,310.59,311.03,7954.26,4198,311.046
20230322  10:20:00,311.05,311.92,311,311.82,9689.5,4973,311.534
20230322  10:40:00,311.83,311.98,311.6,311.66,10300.69,5268,311.786
20230322  11:00:00,311.67,311.67,310.6,310.69,8920.74,5011,311.13
20230322  11:20:00,310.7,310.79,310.29,310.53,10736.67,5321,310.529
20230322  11:40:00,310.54,310.82,310.34,310.7,6005.55,3586,310.611
20230322  12:00:00,310.71,310.77,310.21,310.72,8368.06,4429,310.487
20230322  12:20:00,310.72,311.28,310.66,311.2,7577.29,4541,311.061
20230322  12:40:00,311.21,311.66,311.09,311.47,9249.92,4442,311.33
20230322  13:00:00,311.51,314.43,311.3,312.89,77150.7,37678,312.688
20230322  13:20:00,312.9,313.74,310.33,312.17,58654.04,30329,312.193
20230322  13:40:00,312.2,315.25,311.35,311.41,67246.42,34967,313.611
20230322  14:00:00,311.41,312.01,308.95,311.41,67269.9,38484,310.597
20230322  14:20:00,311.38,313.08,309.78,310.19,41749.39,21361,311.541
20230322  14:40:00,310.21,310.74,305.95,305.99,75812.28,38005,307.94
20230322  15:00:00,306.01,306.34,305.51,306.09,17618.87,3592,305.969
20230322  15:20:00,306.06,306.45,305.63,306.23,2871.82,848,306.013
20230322  15:40:00,306.2,306.32,306.02,306.08,996.32,319,306.151
20230322  16:00:00,306.19,306.24,306.08,306.24,298.46,148,306.174
20230322  16:20:00,306.22,306.28,306.12,306.2,1414.65,70,306.129
20230322  16:40:00,306.23,306.25,306.15,306.2,199.64,75,306.202
20230322  17:00:00,306.12,306.6,306.01,306.38,679.12,201,306.381
20230322  17:20:00,306.44,306.55,306.25,306.55,638.63,131,306.456
20230322  17:40:00,306.54,306.65,306.4,306.58,374.63,87,306.567
20230322  18:00:00,306.55,306.6,306.27,306.55,370.76,81,306.368
20230322  18:20:00,306.57,306.59,306.37,306.37,129.34,41,306.481
20230322  18:40:00,306.42,306.65,306.36,306.5,752.04,147,306.549
20230323  03:00:00,308.83,309.54,308.08,309.53,705.1,202,309.088
20230323  03:20:00,309.5,309.61,309.17,309.3,292.86,90,309.345
20230323  03:40:00,309.23,309.9,309.21,309.53,461.64,131,309.591
20230323  04:00:00,309.6,309.6,309.29,309.49,198.04,57,309.416
20230323  04:20:00,309.45,309.53,308.95,309.32,144.99,44,309.243
20230323  04:40:00,309.28,309.5,309.11,309.41,220.01,72,309.306
20230323  05:00:00,309.39,309.52,308.99,309.06,294.53,99,309.329
20230323  05:20:00,309.03,309.03,308.4,308.65,555.27,127,308.768
20230323  05:40:00,308.77,309.18,308.6,309.18,415.16,85,308.928
20230323  06:00:00,309.15,309.39,308.99,309.27,577.87,199,309.163
20230323  06:20:00,309.22,309.29,308.89,308.98,591.13,245,309.022
20230323  06:40:00,308.99,309.43,308.93,309.17,816.95,342,309.221
20230323  07:00:00,309.2,309.55,306.34,309.01,2139.89,766,308.898
20230323  07:20:00,309.02,309.26,308.71,309.2,1806.4,787,309.056
20230323  07:40:00,309.2,309.64,309,309.15,3706.03,1289,309.242
20230323  08:00:00,309.14,309.4,308.7,309.32,2266.04,774,309.124
20230323  08:20:00,309.33,310.73,309.29,310.11,25457.74,15027,310.231
20230323  08:40:00,310.12,310.93,309.73,310.8,27389.12,17548,310.396
20230323  09:00:00,310.81,312.1,310.7,311.75,27194.19,16725,311.417
20230323  09:20:00,311.74,312.41,311.35,312.17,21201.88,11955,311.861
20230323  09:40:00,312.16,313.56,312.08,313.32,30271.11,16776,313.003
20230323  10:00:00,313.35,314.15,313.07,313.17,20510.42,11020,313.594
20230323  10:20:00,313.17,313.66,312.73,313.25,16559.1,7945,313.223
20230323  10:40:00,313.25,313.63,312.62,313.09,15413.51,7553,313.165
20230323  11:00:00,313.08,313.44,312.39,312.72,14803.81,8074,312.922
20230323  11:20:00,312.72,313.28,312.34,312.69,14012.21,7362,312.878
20230323  11:40:00,312.69,312.82,312.12,312.39,13740.42,7512,312.467
20230323  12:00:00,312.41,312.83,311.2,311.67,17558.58,9786,311.964
20230323  12:20:00,311.66,312.18,310.95,311.79,18377.82,10544,311.576
20230323  12:40:00,311.78,312.19,310.67,310.81,14584.15,7429,311.409
20230323  13:00:00,310.81,311.3,310.32,310.58,20362.69,9978,310.737
20230323  13:20:00,310.57,310.63,308.16,308.16,30315.5,16573,309.326
20230323  13:40:00,308.16,308.75,307.05,308.72,39883.78,21214,307.667
20230323  14:00:00,308.72,310.5,307.72,307.85,45063.96,24497,309.149
20230323  14:20:00,307.88,309.53,307.01,308.99,30951.4,17542,308.443
20230323  14:40:00,308.98,311.32,308.68,309.78,56320.03,30248,310.139
20230323  15:00:00,309.78,309.81,309.31,309.41,14631.81,1811,309.644
20230323  15:20:00,309.38,310.31,309.37,310.29,2725.27,871,309.87
20230323  15:40:00,310.29,310.86,310.29,310.38,2600.21,988,310.531
20230323  16:00:00,310.36,310.5,309.75,310.3,1716.44,77,309.826
20230323  16:20:00,310.3,310.3,310.18,310.25,209.79,67,310.231
20230323  16:40:00,310.22,310.58,310.22,310.52,341.31,73,310.457
20230323  17:00:00,310.46,310.55,309.76,309.77,629.62,155,310.162
20230323  17:20:00,309.8,309.9,309.57,309.57,439.62,115,309.746
20230323  17:40:00,309.55,309.78,309.52,309.71,226.84,59,309.625
20230323  18:00:00,309.78,310.04,309.75,310.04,171.1,43,309.933
20230323  18:20:00,310.08,310.27,310.08,310.11,389.36,77,310.222
20230323  18:40:00,310.14,310.2,309.96,310.2,345.83,85,310.056
20230324  03:00:00,311.21,311.23,309.73,310.11,426.58,101,310.495
20230324  03:20:00,310.03,310.74,310.02,310.2,82.69,37,310.496
20230324  03:40:00,309.98,310.16,309.26,310.12,274.47,69,309.678
20230324  04:00:00,309.92,310.49,309.92,310,200.99,49,310.114
20230324  04:20:00,310,310,308.89,308.89,241.33,50,309.193
20230324  04:40:00,308.9,309.07,308.43,308.52,171.13,54,308.669
20230324  05:00:00,308.52,308.8,308.1,308.8,313.93,112,308.444
20230324  05:20:00,308.94,309.04,308.2,308.57,648.08,101,308.585
20230324  05:40:00,308.56,309.03,308.56,308.82,264.13,89,308.851
20230324  06:00:00,308.9,308.9,308.14,308.3,1131.55,411,308.481
20230324  06:20:00,308.38,309,308.38,308.94,548.78,301,308.773
20230324  06:40:00,308.96,309.03,307.93,308.18,1343.36,566,308.412
20230324  07:00:00,308.8,311.74,307.55,308.08,4163.82,962,308.189
20230324  07:20:00,308.1,308.6,308.03,308.4,2501.64,963,308.31
20230324  07:40:00,308.34,309.12,308.03,308.87,4320.56,1754,308.556
20230324  08:00:00,308.88,308.88,308.1,308.31,1732.94,965,308.623
20230324  08:20:00,308.31,309.73,308.05,308.3,23371.11,12365,308.817
20230324  08:40:00,308.29,309.44,307.18,309.21,44619.48,25158,308.293
20230324  09:00:00,309.25,309.71,308.11,308.36,36282.7,20417,308.841
20230324  09:20:00,308.37,309.64,307.65,308.78,28352.94,16112,308.706
20230324  09:40:00,308.79,308.87,308.02,308.74,23124.34,12955,308.43
20230324  10:00:00,308.75,309.05,306.98,307.17,25830.93,13834,307.924
20230324  10:20:00,307.16,307.89,306.95,307.6,21115.28,10329,307.382
20230324  10:40:00,307.61,309.53,307.61,309.35,26814.1,15400,308.832
20230324  11:00:00,309.36,310,307.55,307.91,22847.83,13658,308.773
20230324  11:20:00,307.91,308.71,307.68,308.52,13777.9,8105,308.113
20230324  11:40:00,308.53,309.22,308.15,308.71,15415.31,8945,308.802
20230324  12:00:00,308.73,308.98,308.24,308.37,12820.96,7043,308.617
20230324  12:20:00,308.36,309.76,308.28,309.57,14821.65,8623,309.154
20230324  12:40:00,309.56,309.77,308.54,308.97,12229.89,7147,309.018
20230324  13:00:00,308.98,309.77,308.81,309.44,10008.52,5974,309.309
20230324  13:20:00,309.43,310.14,309.17,309.91,12555.87,7318,309.598
20230324  13:40:00,309.93,310.32,309.66,309.9,13405.54,7647,309.969
20230324  14:00:00,309.92,310.45,309.44,310.35,12090.76,7189,309.875
20230324  14:20:00,310.36,310.97,310.36,310.65,18689.57,9837,310.655
20230324  14:40:00,310.64,310.99,309.83,310.95,38924.28,18733,310.492
20230324  15:00:00,310.94,311.3,310.79,311.1,7260.05,1268,311.006
20230324  15:20:00,311.12,311.36,310.89,311.32,2694.54,447,311.109
20230324  15:40:00,311.36,311.63,311.32,311.58,878.78,279,311.467
20230324  16:00:00,311.46,311.59,311.36,311.41,332.45,86,311.512
20230324  16:20:00,311.41,311.43,310.89,311.33,651.71,41,310.978
20230324  16:40:00,311.33,311.4,311.33,311.39,6.91,4,311.388
20230324  17:00:00,311.35,311.42,311.35,311.4,13.41,5,311.398
20230324  17:20:00,311.4,311.44,311.4,311.44,58.78,14,311.421
20230324  17:40:00,311.43,311.46,311.4,311.41,86.5,17,311.41
20230324  18:00:00,311.41,311.42,311.33,311.34,28.42,12,311.39
20230324  18:20:00,311.44,311.55,311.4,311.45,52.76,25,311.452
20230324  18:40:00,311.45,311.6,311.41,311.57,138.48,33,311.548
20230327  03:00:00,310.78,311.05,310.35,310.98,348.09,77,310.824
20230327  03:20:00,310.97,311.45,310.97,311.32,196.71,39,311.159
20230327  03:40:00,311.27,311.42,311.16,311.32,84.03,30,311.313
20230327  04:00:00,311.32,311.48,311.1,311.2,78.37,18,311.159
20230327  04:20:00,311.26,311.33,311.11,311.24,44.28,19,311.21
20230327  04:40:00,311.27,311.69,311.2,311.41,214.44,33,311.376
20230327  05:00:00,311.57,312.04,311.57,311.76,281.72,63,311.858
20230327  05:20:00,311.79,311.85,311.63,311.82,82.5,22,311.805
20230327  05:40:00,311.85,312.02,311.72,311.86,110.72,31,311.895
20230327  06:00:00,311.82,312.42,311.79,312.42,900.81,220,312.132
20230327  06:20:00,312.42,312.5,312.07,312.25,640.12,156,312.311
20230327  06:40:00,312.28,312.33,311.93,312.21,630.68,253,312.089
20230327  07:00:00,312.21,312.7,310.13,311.91,1218.29,475,312.141
20230327  07:20:00,311.92,312.06,311.67,311.98,1077.73,449,311.83
20230327  07:40:00,312.03,312.03,311.41,311.48,1325.01,461,311.697
20230327  08:00:00,311.53,311.98,311.53,311.91,962.72,361,311.779
20230327  08:20:00,311.97,312,310.71,310.86,33938.98,17022,311.272
20230327  08:40:00,310.89,312.7,310.89,311.91,32046.18,18036,311.972
20230327  09:00:00,311.91,312.3,311.02,311.5,24009.11,12880,311.878
20230327  09:20:00,311.5,311.86,310.31,310.72,18785.38,9349,310.979
20230327  09:40:00,310.74,311.07,310.09,310.17,17070.16,9534,310.665
20230327  10:00:00,310.18,310.35,309.26,309.58,18764.31,10028,309.772
20230327  10:20:00,309.59,310.04,309.42,309.62,14010.29,7487,309.778
20230327  10:40:00,309.61,309.63,308.09,308.26,17605.09,8772,308.858
20230327  11:00:00,308.26,308.75,307.89,308.69,17289.39,9342,308.268
20230327  11:20:00,308.7,309.18,308.31,308.34,13452.75,7122,308.775
20230327  11:40:00,308.34,308.73,307.95,308.52,14112.61,6594,308.33
20230327  12:00:00,308.51,308.9,307.97,308.39,12234.52,5558,308.421
20230327  12:20:00,308.36,309.12,308.31,309.03,12052.88,6252,308.848
20230327  12:40:00,309.02,309.57,308.86,308.9,10108.41,5185,309.212
20230327  13:00:00,308.88,309.34,308.48,309.34,9585.75,4506,308.817
20230327  13:20:00,309.37,310.07,309.25,309.84,9995.57,5395,309.641
20230327  13:40:00,309.82,310.18,309.68,310.1,12766.42,5918,309.91
20230327  14:00:00,310.1,310.4,309.59,309.68,17518.62,8625,309.892
20230327  14:20:00,309.67,309.88,308.95,309.2,17184.32,7935,309.495
20230327  14:40:00,309.19,309.48,308.16,308.71,47048.84,21884,308.764
20230327  15:00:00,308.71,309.13,308.66,309.02,9029.9,1256,308.834
20230327  15:20:00,309.01,309.15,308.76,308.98,882.07,208,309.071
20230327  15:40:00,308.98,309.16,308.76,309.05,5033.02,124,308.78
20230327  16:00:00,309,309.07,308.99,309.03,216.64,54,309.043
20230327  16:20:00,309.05,309.06,309.02,309.04,81.3,14,309.03
20230327  16:40:00,309,309.05,308.97,309,108.25,23,309.003
20230327  17:00:00,308.94,308.98,308.8,308.8,189.82,58,308.899
20230327  17:20:00,308.82,308.86,308.79,308.81,55.09,21,308.824
20230327  17:40:00,308.88,309.1,308.88,309.09,72.87,28,308.974
20230327  18:00:00,309.09,309.19,309.08,309.12,204.94,46,309.148
20230327  18:20:00,309.09,309.26,309.09,309.2,170.23,50,309.183
20230327  18:40:00,309.15,309.33,309.12,309.29,414.37,81,309.275
20230328  03:00:00,307.88,308.79,307.67,307.83,291.27,89,307.809
20230328  03:20:00,307.75,307.94,307.74,307.76,50.41,19,307.849
20230328  03:40:00,307.66,308.02,307.62,307.9,153.31,36,307.787
20230328  04:00:00,308.02,308.16,307.97,308.15,91.26,26,308.074
20230328  04:20:00,308.1,308.2,307.97,307.97,112.62,28,308.057
20230328  04:40:00,307.99,308.02,307.76,307.96,160.1,44,307.848
20230328  05:00:00,307.92,308.07,307.9,307.98,20,9,307.996
20230328  05:20:00,308.08,308.08,307.79,307.83,91.25,22,307.88
20230328  05:40:00,307.82,307.92,307.62,307.92,176.42,47,307.733
20230328  06:00:00,307.94,308.25,307.8,308.25,674.38,143,307.924
20230328  06:20:00,308.25,308.55,308.2,308.46,238.03,80,308.361
20230328  06:40:00,308.38,308.68,308.38,308.52,364.54,133,308.535
20230328  07:00:00,308.04,309.25,307.63,308.54,1348.92,382,308.342
20230328  07:20:00,308.6,308.6,307.9,308.01,1209.88,475,308.141
20230328  07:40:00,308.01,308.09,307.78,308.09,646.14,322,307.91
20230328  08:00:00,308.04,308.24,307.92,308.01,910.73,374,308.067
20230328  08:20:00,308,308.2,306.32,306.45,27466.06,13824,307.108
20230328  08:40:00,306.46,306.86,305.94,306.19,37005.13,19295,306.426
20230328  09:00:00,306.17,307.11,305.29,307,26194.86,12546,306.503
20230328  09:20:00,307,307.08,305.15,305.34,22146.37,11477,305.9
20230328  09:40:00,305.33,305.71,305.23,305.31,16726.42,8559,305.47
20230328  10:00:00,305.31,306.55,305.25,306.43,18704.6,9832,306.023
20230328  10:20:00,306.43,306.9,306.14,306.79,17032.21,8600,306.524
20230328  10:40:00,306.8,306.88,306.31,306.66,10628.35,5796,306.513
20230328  11:00:00,306.66,306.77,305.67,305.87,12225.68,6629,306.198
20230328  11:20:00,305.88,306.07,305.47,305.93,10586.94,5156,305.827
20230328  11:40:00,305.93,306.16,305.7,305.94,8787.25,4496,305.922
20230328  12:00:00,305.95,306.17,305.67,306.11,10008.83,5802,305.902
20230328  12:20:00,306.1,306.23,305.27,305.31,13727.99,7058,305.775
20230328  12:40:00,305.3,305.36,304.77,304.9,14233.51,7331,305.113
20230328  13:00:00,304.89,305.56,304.81,305.49,12427.03,6450,305.265
20230328  13:20:00,305.49,305.67,305.29,305.49,8609.72,4547,305.48
20230328  13:40:00,305.47,306.12,305.46,305.93,10033.38,5251,305.834
20230328  14:00:00,305.94,306.44,305.94,306.26,13471.42,6972,306.221
20230328  14:20:00,306.26,306.58,305.77,306.42,18283.63,9850,306.172
20230328  14:40:00,306.41,307.16,306.18,307.11,29158.76,15969,306.82
20230328  15:00:00,307.11,307.63,307.1,307.45,11446.53,2025,307.293
20230328  15:20:00,307.46,307.53,307.12,307.46,16566.34,256,307.136
20230328  15:40:00,307.45,307.51,307.12,307.49,1132.89,277,307.235
20230328  16:00:00,307.49,307.52,307.38,307.47,429.26,159,307.432
20230328  16:20:00,307.47,307.47,307.4,307.4,14.35,9,307.431
20230328  16:40:00,307.44,307.47,307.39,307.39,142.65,27,307.407
20230328  17:00:00,307.44,307.69,307.44,307.54,333.21,113,307.55
20230328  17:20:00,307.55,307.61,307.48,307.49,163.41,46,307.536
20230328  17:40:00,307.48,307.48,307.37,307.42,191.66,54,307.421
20230328  18:00:00,307.4,307.48,307.39,307.48,54.95,19,307.416
20230328  18:20:00,307.49,307.56,307.43,307.56,86.92,35,307.479
20230328  18:40:00,307.56,307.8,307.5,307.76,170.14,44,307.59
20230329  03:00:00,309.8,309.85,309.45,309.6,450.42,105,309.616
20230329  03:20:00,309.63,309.96,309.62,309.94,196.03,48,309.804
20230329  03:40:00,309.85,309.85,309.6,309.74,150.75,33,309.689
20230329  04:00:00,309.73,310.03,309.73,309.96,82.42,22,309.976
20230329  04:20:00,309.9,310.1,309.9,309.95,102.8,28,310.019
20230329  04:40:00,309.96,310.09,309.96,310.01,72.82,27,310.014
20230329  05:00:00,310.06,310.06,309.73,309.73,174.06,38,309.85
20230329  05:20:00,309.69,309.87,309.67,309.7,52.87,33,309.779
20230329  05:40:00,309.76,309.83,309.56,309.66,861.33,192,309.643
20230329  06:00:00,309.65,309.8,309.5,309.62,621.37,243,309.661
20230329  06:20:00,309.63,309.77,309.62,309.69,1028.18,321,309.706
20230329  06:40:00,309.69,310.01,309.66,309.67,1333.59,564,309.882
20230329  07:00:00,309.54,310.01,307.35,309.72,1455.29,585,309.785
20230329  07:20:00,309.71,309.82,309.6,309.7,2294.72,713,309.664
20230329  07:40:00,309.72,310.22,309.6,310.07,1759.25,613,309.857
20230329  08:00:00,310.06,310.86,310.05,310.77,3237.27,966,310.484
20230329  08:20:00,310.76,311.64,310.71,311.31,32242.29,14831,311.196
20230329  08:40:00,311.32,311.83,311.06,311.52,29940.76,15964,311.426
20230329  09:00:00,311.52,311.94,311.11,311.51,21117.42,12128,311.518
20230329  09:20:00,311.51,311.61,310.34,310.52,24121.42,12158,310.854
20230329  09:40:00,310.51,310.79,310.05,310.2,19300.86,9717,310.356
20230329  10:00:00,310.19,310.83,310.17,310.49,14457.82,8223,310.563
20230329  10:20:00,310.5,311.45,310.48,311.32,17251.36,8739,311.13
20230329  10:40:00,311.32,311.59,311.14,311.57,12588,6658,311.399
20230329  11:00:00,311.57,311.76,311.15,311.7,10178.8,6374,311.493
20230329  11:20:00,311.71,311.89,311.59,311.8,9169.76,5448,311.761
20230329  11:40:00,311.81,311.81,310.94,311.13,10960.88,6486,311.363
20230329  12:00:00,311.12,311.86,310.91,311.7,10851.83,6197,311.486
20230329  12:20:00,311.7,312.04,311.1,311.18,15041.64,8219,311.65
20230329  12:40:00,311.18,311.56,311.1,311.34,11777.86,6167,311.312
20230329  13:00:00,311.34,311.62,311.02,311.36,11347.54,6617,311.371
20230329  13:20:00,311.36,311.98,311.21,311.92,10101.79,5822,311.646
20230329  13:40:00,311.92,312.44,311.75,312.34,17430.44,10148,312.098
20230329  14:00:00,312.34,313.07,311.88,312.98,23137.61,12629,312.511
20230329  14:20:00,312.99,313.14,312.78,312.87,23334.1,12309,312.971
20230329  14:40:00,312.87,313.35,312.4,312.81,51777.56,27001,312.836
20230329  15:00:00,312.8,312.8,312.5,312.57,13294.41,1355,312.676
20230329  15:20:00,312.59,312.73,312.58,312.67,1873.63,451,312.668
20230329  15:40:00,312.67,312.8,312.55,312.58,794.05,141,312.644
20230329  16:00:00,312.58,312.65,312.58,312.65,134.32,51,312.636
20230329  16:20:00,312.65,312.76,312.62,312.64,305.87,61,312.694
20230329  16:40:00,312.61,312.7,312.61,312.7,62.4,40,312.649
20230329  17:00:00,312.69,312.78,312.47,312.73,328.17,71,312.624
20230329  17:20:00,312.7,312.7,312.39,312.39,109.93,37,312.497
20230329  17:40:00,312.39,312.5,312.39,312.45,93.75,37,312.442
20230329  18:00:00,312.53,312.57,312.47,312.49,76.12,27,312.528
20230329  18:20:00,312.52,312.55,312.34,312.34,92.94,34,312.473
20230329  18:40:00,312.36,312.36,312.16,312.16,541.74,145,312.228
20230330  03:00:00,313.4,313.74,313.39,313.74,151.02,57,313.546
20230330  03:20:00,313.54,313.59,313.38,313.59,145.28,34,313.463
20230330  03:40:00,313.6,313.71,313.6,313.62,121.44,24,313.639
20230330  04:00:00,313.68,313.68,313.6,313.61,112.7,27,313.615
20230330  04:20:00,313.65,313.94,313.65,313.79,154.14,44,313.856
20230330  04:40:00,313.8,313.96,313.74,313.89,62.93,21,313.824
20230330  05:00:00,313.91,314.1,313.85,314.05,64.15,21,313.985
20230330  05:20:00,314.05,314.24,314.03,314.24,68.89,29,314.111
20230330  05:40:00,314.28,314.5,314.18,314.42,263.46,70,314.371
20230330  06:00:00,314.39,314.67,314.35,314.52,623.94,168,314.522
20230330  06:20:00,314.57,314.61,314.36,314.37,458.72,157,314.477
20230330  06:40:00,314.36,314.59,314.28,314.46,464.22,162,314.419
20230330  07:00:00,314.46,314.81,312.59,314.76,1421.58,525,314.52
20230330  07:20:00,314.79,315.18,314.27,314.98,3061.37,926,314.748
20230330  07:40:00,314.97,315.3,314.88,314.92,2289.61,718,315.088
20230330  08:00:00,314.9,315.16,314.52,315.14,2182.18,637,314.803
20230330  08:20:00,315.1,315.51,314.54,314.7,26409.28,13360,315.05
20230330  08:40:00,314.71,315.59,314.54,315.55,27946.12,13092,315.035
20230330  09:00:00,315.56,315.92,314.32,314.87,31802.04,15392,315.01
20230330  09:20:00,314.87,316.24,314.82,315.78,33303.16,16609,315.674
20230330  09:40:00,315.77,315.93,315.22,315.66,16134.8,8303,315.603
20230330  10:00:00,315.68,316.32,315.45,316.05,18793.89,9805,315.861
20230330  10:20:00,316.06,316.19,315.15,315.48,15252.58,7081,315.574
20230330  10:40:00,315.48,315.73,315.19,315.51,15378.68,7185,315.462
20230330  11:00:00,315.52,315.66,315.01,315.25,11352.49,5686,315.37
20230330  11:20:00,315.25,315.34,314.7,314.86,14356.28,6959,315.057
20230330  11:40:00,314.84,315.21,314.55,314.85,14507.34,7223,314.901
20230330  12:00:00,314.86,315.15,314.62,314.97,10480.49,5147,314.973
20230330  12:20:00,314.99,315.25,314.16,314.22,13642.91,7246,314.697
20230330  12:40:00,314.23,314.5,313.93,314.41,14577.87,8159,314.225
20230330  13:00:00,314.44,314.82,314.31,314.7,10452.76,5394,314.605
20230330  13:20:00,314.69,315.55,314.64,315.25,16165.65,9073,315.194
20230330  13:40:00,315.26,315.32,314.99,315.25,7384.46,4313,315.184
20230330  14:00:00,315.24,315.47,314.98,315.28,10456.18,5939,315.229
20230330  14:20:00,315.29,315.84,315.27,315.8,15901.95,8692,315.603
20230330  14:40:00,315.79,315.82,315.37,315.68,25887.21,14101,315.607
20230330  15:00:00,315.69,315.85,315.66,315.78,10545.21,1536,315.736
20230330  15:20:00,315.78,316.03,315.78,315.98,1035.23,292,315.95
20230330  15:40:00,315.98,316.03,315.68,315.8,6628.95,178,315.71
20230330  16:00:00,315.82,315.83,315.76,315.8,180.92,60,315.792
20230330  16:20:00,315.78,315.83,315.68,315.82,157.24,24,315.745
20230330  16:40:00,315.76,315.8,315.6,315.6,162.59,74,315.686
20230330  17:00:00,315.63,315.63,315.4,315.52,283.12,79,315.516
20230330  17:20:00,315.51,315.57,315.41,315.57,272.92,66,315.497
20230330  17:40:00,315.57,315.65,315.51,315.63,277.47,71,315.581
20230330  18:00:00,315.61,315.85,315.6,315.83,130.35,57,315.732
20230330  18:20:00,315.78,315.9,315.73,315.88,121.17,41,315.805
20230330  18:40:00,315.9,316.03,315.87,315.98,252.01,81,315.965
20230331  03:00:00,315.97,316.01,315.6,315.6,154.56,45,315.903
20230331  03:20:00,315.64,315.78,315.53,315.7,75.9,21,315.656
20230331  03:40:00,315.72,315.75,315.64,315.65,29.47,14,315.698
20230331  04:00:00,315.7,316,315.57,315.93,118.13,27,315.821
20230331  04:20:00,315.97,315.97,315.76,315.79,56.07,15,315.835
20230331  04:40:00,315.8,315.94,315.57,315.63,53.44,16,315.725
20230331  05:00:00,315.54,315.54,315.41,315.54,30.91,10,315.508
20230331  05:20:00,315.48,315.58,315.44,315.5,8.88,7,315.507
20230331  05:40:00,315.48,315.49,315.38,315.47,42.61,21,315.448
20230331  06:00:00,315.6,315.76,315.53,315.7,457.49,152,315.649
20230331  06:20:00,315.7,315.86,315.65,315.8,242.52,137,315.755
20230331  06:40:00,315.8,315.8,315.5,315.53,358.08,228,315.63
20230331  07:00:00,315.51,316.75,315.21,315.26,1586.74,544,315.504
20230331  07:20:00,315.28,316.78,315.1,316.42,5551.03,1463,316.281
20230331  07:40:00,316.45,316.5,315.76,316.03,3986.88,1160,316.05
20230331  08:00:00,316.04,316.56,315.98,316.53,2007.67,631,316.283
20230331  08:20:00,316.53,316.92,315.6,316.62,22364.37,11448,316.329
20230331  08:40:00,316.65,317.67,316.6,317.11,28291.74,15242,317.11
20230331  09:00:00,317.11,317.48,316.81,317.19,20513.62,11707,317.122
20230331  09:20:00,317.19,318,317.07,317.9,24859.96,14471,317.554
20230331  09:40:00,317.89,318.25,317.6,317.9,23552.43,13671,317.983
20230331  10:00:00,317.91,318.08,317.69,318,11378.1,6034,317.893
20230331  10:20:00,318,318.46,317.99,318.37,14509.34,8394,318.282
20230331  10:40:00,318.36,318.8,318.21,318.77,12711.94,6995,318.506
20230331  11:00:00,318.77,318.95,318.63,318.92,13981.57,6546,318.794
20230331  11:20:00,318.92,319.38,318.83,319.12,16511.84,8673,319.149
20230331  11:40:00,319.13,319.42,319.06,319.12,13037.88,6935,319.226
20230331  12:00:00,319.13,319.32,318.78,319.17,11866.15,6774,319.023
20230331  12:20:00,319.19,319.27,318.76,318.87,11787.25,5871,319.007
20230331  12:40:00,318.87,319.24,318.68,319.16,12201.98,5853,318.933
20230331  13:00:00,319.16,319.72,319.14,319.31,14917.54,8101,319.492
20230331  13:20:00,319.31,319.42,319.04,319.32,11712.64,6581,319.24
20230331  13:40:00,319.32,319.65,319.23,319.61,13667.45,7015,319.458
20230331  14:00:00,319.61,320.34,319.58,320.32,23651.7,13030,320.07
20230331  14:20:00,320.33,320.99,320.12,320.13,32927.6,17788,320.599
20230331  14:40:00,320.14,321.17,319.77,320.89,79486.89,40055,320.589
20230331  15:00:00,320.89,321.09,320.7,321.05,20423.72,2343,320.905
20230331  15:20:00,321.05,321.09,320.91,321,2264.97,652,321.022
20230331  15:40:00,320.97,321.11,320.89,321.07,2120.17,545,321.002
20230331  16:00:00,321.11,321.25,321.02,321.17,546.37,210,321.132
20230331  16:20:00,321.2,321.2,320.93,321.17,2392.02,230,320.988
20230331  16:40:00,321.15,321.19,320.89,321,355.19,140,321.018
20230331  17:00:00,321,321.13,321,321.1,219.54,59,321.093
20230331  17:20:00,321.1,321.27,321.1,321.27,349.11,77,321.223
20230331  17:40:00,321.25,321.29,321.21,321.29,62.38,18,321.274
20230331  18:00:00,321.25,321.25,321.21,321.23,49.24,10,321.229
20230331  18:20:00,321.23,321.34,321.23,321.34,30.15,15,321.276
20230331  18:40:00,321.39,321.44,321.28,321.35,166.69,68,321.364
20230403  03:00:00,319.92,319.92,318.87,318.95,608.84,182,319.209
20230403  03:20:00,318.92,318.92,318.61,318.76,302.18,99,318.738
20230403  03:40:00,318.68,318.9,318.6,318.77,87.44,35,318.722
20230403  04:00:00,318.81,319.03,318.72,318.98,131.89,45,318.884
20230403  04:20:00,319.01,319.05,318.89,318.96,132.61,43,318.952
20230403  04:40:00,318.92,318.94,318.8,318.92,129.46,28,318.851
20230403  05:00:00,318.96,319.26,318.96,319.21,290.34,76,319.156
20230403  05:20:00,319.21,319.27,319.1,319.15,920.5,145,319.168
20230403  05:40:00,319.13,319.18,319,319.02,513.15,107,319.078
20230403  06:00:00,319.05,319.2,318.83,319.04,934.68,385,318.993
20230403  06:20:00,319.07,319.23,318.7,318.71,1317.46,362,318.981
20230403  06:40:00,318.69,318.86,318.62,318.81,1182.4,288,318.73
20230403  07:00:00,318.99,321.17,318.14,318.41,2802.82,683,318.728
20230403  07:20:00,318.42,318.49,318.08,318.21,1637.13,353,318.305
20230403  07:40:00,318.29,318.9,318.25,318.84,1499.98,571,318.578
20230403  08:00:00,318.83,319.15,318.78,318.95,2134.27,604,318.966
20230403  08:20:00,318.95,319.69,318.49,319.57,24438.15,13038,318.984
20230403  08:40:00,319.58,320.01,318.91,319.15,31438.75,15650,319.417
20230403  09:00:00,319.16,319.89,318.9,319.6,28729.37,14352,319.335
20230403  09:20:00,319.61,320.17,319.38,319.42,19964.46,10992,319.866
20230403  09:40:00,319.4,319.65,318,318.03,22311,12278,318.669
20230403  10:00:00,318.04,318.28,317.42,318.11,19881.05,10596,317.913
20230403  10:20:00,318.11,318.42,317.9,318.02,11579.91,6515,318.173
20230403  10:40:00,318.02,318.23,317.68,318.22,11011.3,6310,317.985
20230403  11:00:00,318.23,318.77,318.06,318.62,11457.09,6101,318.457
20230403  11:20:00,318.62,318.7,318.11,318.42,9120.87,4989,318.399
20230403  11:40:00,318.41,318.43,317.85,317.88,7365.41,3943,318.159
20230403  12:00:00,317.87,318.05,317.53,317.93,10752.54,5485,317.809
20230403  12:20:00,317.94,318.13,317.52,318.02,10003.04,5208,317.84
20230403  12:40:00,318.01,318.02,317.54,317.93,9503.84,4807,317.767
20230403  13:00:00,317.94,317.99,317.56,317.84,9842.28,4987,317.774
20230403  13:20:00,317.83,318.82,317.7,318.74,10821.58,5674,318.259
20230403  13:40:00,318.74,319.19,318.62,319.14,11585.58,5792,318.947
20230403  14:00:00,319.15,319.55,319.06,319.39,13620.94,7418,319.306
20230403  14:20:00,319.39,320.03,319.31,319.72,17266.64,9211,319.705
20230403  14:40:00,319.72,320.42,319.44,320.16,43303.99,21005,320.071
20230403  15:00:00,320.17,320.2,320.01,320.01,7756.44,1012,320.132
20230403  15:20:00,320.02,320.15,320.02,320.06,2330.79,377,320.125
20230403  15:40:00,320.04,320.1,319.99,320.04,667.2,196,320.029
20230403  16:00:00,320.03,320.06,319.95,319.97,226.64,60,319.984
20230403  16:20:00,319.95,319.98,319.9,319.91,71.53,36,319.957
20230403  16:40:00,319.9,319.94,319.79,319.86,182.19,44,319.85
20230403  17:00:00,319.91,319.98,319.7,319.77,216.4,75,319.791
20230403  17:20:00,319.75,319.77,319.7,319.72,96.12,37,319.736
20230403  17:40:00,319.7,319.7,319.64,319.64,100.53,36,319.679
20230403  18:00:00,319.68,319.82,319.67,319.82,131.88,42,319.755
20230403  18:20:00,319.8,319.85,319.71,319.83,111.54,29,319.81
20230403  18:40:00,319.83,319.83,319.64,319.65,218.82,56,319.716
20230404  03:00:00,319.52,320.03,319.52,320.03,136.78,41,319.66
20230404  03:20:00,320.04,320.05,319.89,319.95,79.59,31,319.957
20230404  03:40:00,319.94,320.22,319.84,320.13,112.88,31,320.07
20230404  04:00:00,320.22,320.69,320.18,320.69,164.26,32,320.414
20230404  04:20:00,320.73,321.23,320.7,321.09,335.5,79,321.02
20230404  04:40:00,321.34,322.16,321.34,322.04,324.47,98,321.809
20230404  05:00:00,322.05,322.05,321.67,321.88,348.29,95,321.832
20230404  05:20:00,321.9,322.09,321.68,322.09,332.23,79,321.91
20230404  05:40:00,322.1,322.16,321.67,321.7,109.3,39,321.933
20230404  06:00:00,321.62,321.81,321.35,321.43,733.45,188,321.598
20230404  06:20:00,321.4,321.75,321.29,321.75,325.19,104,321.542
20230404  06:40:00,321.75,321.75,321.42,321.63,519.26,209,321.593
20230404  07:00:00,321.63,322.05,319.52,321.43,1572.81,400,321.535
20230404  07:20:00,321.46,321.51,321.07,321.1,1256.92,272,321.314
20230404  07:40:00,321.09,321.15,320.86,321.04,702.19,290,321.024
20230404  08:00:00,321.03,321.03,320.61,320.71,973.23,379,320.763
20230404  08:20:00,320.73,320.87,320.16,320.17,17836.41,8958,320.517
20230404  08:40:00,320.17,320.74,319.28,320.49,24944.75,13327,320.039
20230404  09:00:00,320.51,321.63,320.51,320.69,31002.35,17149,321.093
20230404  09:20:00,320.68,321,319.67,320.55,20480.82,11450,320.459
20230404  09:40:00,320.52,320.6,319.82,320.13,18554.35,10257,320.222
20230404  10:00:00,320.13,320.15,318.73,318.99,20157.77,10661,319.517
20230404  10:20:00,318.99,319.7,318.94,319.27,12742.66,7443,319.339
20230404  10:40:00,319.29,319.82,319.17,319.32,13318.35,7031,319.559
20230404  11:00:00,319.33,319.51,318.28,318.38,15665.13,8526,318.791
20230404  11:20:00,318.38,319.17,318.22,318.9,12039.22,6301,318.831
20230404  11:40:00,318.91,319.36,318.89,319.07,9018.26,5032,319.126
20230404  12:00:00,319.08,319.48,318.76,319.41,9613.6,4990,319.092
20230404  12:20:00,319.4,319.73,319.17,319.64,9702.92,5100,319.505
20230404  12:40:00,319.63,319.77,319.09,319.29,8831.12,4557,319.403
20230404  13:00:00,319.29,319.48,319.03,319.1,6310.31,3587,319.282
20230404  13:20:00,319.11,319.23,318.28,318.84,11532.41,6347,318.679
20230404  13:40:00,318.84,318.95,318.14,318.29,10274.35,5311,318.594
20230404  14:00:00,318.3,318.75,318.07,318.52,9781.58,5613,318.478
20230404  14:20:00,318.54,318.78,318.08,318.49,14026.68,7003,318.433
20230404  14:40:00,318.49,319.14,317.82,319.13,34081.78,16765,318.582
20230404  15:00:00,319.13,319.36,319.07,319.2,23219.88,1481,319.104
20230404  15:20:00,319.2,319.28,319.07,319.28,732.78,387,319.235
20230404  15:40:00,319.26,319.33,319.23,319.32,723.27,443,319.292
20230404  16:00:00,319.32,319.35,319.24,319.27,210.19,77,319.3
20230404  16:20:00,319.24,319.26,319.1,319.14,821.47,192,319.166
20230404  16:40:00,319.17,319.21,319.13,319.2,192.15,68,319.188
20230404  17:00:00,319.23,319.36,319.18,319.31,798.79,190,319.296
20230404  17:20:00,319.29,319.4,319.24,319.35,144.27,37,319.362
20230404  17:40:00,319.3,319.35,319.28,319.31,107.64,22,319.319
20230404  18:00:00,319.32,319.42,319.32,319.39,117.87,33,319.38
20230404  18:20:00,319.39,319.6,319.38,319.59,183.77,50,319.508
20230404  18:40:00,319.61,319.7,319.46,319.58,304.94,95,319.548
20230405  03:00:00,318.78,318.79,318.5,318.54,235.17,68,318.653
20230405  03:20:00,318.61,318.68,318.45,318.61,31.25,19,318.596
20230405  03:40:00,318.41,318.5,318.22,318.43,63.7,19,318.325
20230405  04:00:00,318.39,318.74,318.39,318.7,48.49,20,318.654
20230405  04:20:00,318.5,318.51,318.43,318.51,21.5,12,318.477
20230405  04:40:00,318.55,318.55,318.43,318.43,25.91,9,318.464
20230405  05:00:00,318.53,318.63,318.43,318.54,37.44,14,318.535
20230405  05:20:00,318.52,318.68,318.48,318.58,62.27,23,318.593
20230405  05:40:00,318.55,318.84,318.55,318.82,61.16,21,318.737
20230405  06:00:00,318.84,318.94,318.74,318.82,424.21,194,318.86
20230405  06:20:00,318.87,319.16,318.83,319.06,785.2,311,319.037
20230405  06:40:00,319.05,319.25,318.92,319.01,1022.79,406,319.125
20230405  07:00:00,319.07,319.47,318.32,319.17,1891.63,632,319.015
20230405  07:20:00,319.15,319.61,318.55,318.62,1410.08,714,319.124
20230405  07:40:00,318.68,319,318.57,318.74,738.29,362,318.8
20230405  08:00:00,318.75,318.95,318.5,318.5,659.21,320,318.707
20230405  08:20:00,318.49,318.53,317.43,317.58,27769.26,18075,317.841
20230405  08:40:00,317.59,317.83,316.79,317.26,34794.96,18917,317.284
20230405  09:00:00,317.25,317.89,316.31,316.37,37100.65,20608,316.861
20230405  09:20:00,316.37,316.93,315.54,315.86,36455.77,17598,316.219
20230405  09:40:00,315.85,315.85,314.6,314.62,40567.89,19514,315.138
20230405  10:00:00,314.63,315.14,314.42,314.83,26572.6,12618,314.787
20230405  10:20:00,314.84,315.48,314.69,315.33,18331.64,9503,315.115
20230405  10:40:00,315.33,315.39,314.71,315.12,18317.79,9328,315.029
20230405  11:00:00,315.12,315.18,314.21,314.74,16157.56,8389,314.62
20230405  11:20:00,314.75,314.79,314.07,314.51,19058.06,9062,314.355
20230405  11:40:00,314.52,314.68,314.11,314.44,12825.3,6840,314.409
20230405  12:00:00,314.45,314.93,314.25,314.91,12695.06,7033,314.594
20230405  12:20:00,314.91,315.19,314.65,315.13,17187.97,8049,314.905
20230405  12:40:00,315.12,315.39,314.87,315.32,11092.76,6131,315.109
20230405  13:00:00,315.33,315.82,315.21,315.54,19747.59,10716,315.516
20230405  13:20:00,315.55,316.01,315.17,315.87,17526.04,9502,315.538
20230405  13:40:00,315.88,316.12,315.56,315.77,16571.03,8315,315.826
20230405  14:00:00,315.78,315.78,314.94,314.99,17992.3,10674,315.277
20230405  14:20:00,315,315.76,314.97,315.46,26414.91,13703,315.373
20230405  14:40:00,315.46,316.18,315.26,315.85,49840.76,24136,315.847
20230405  15:00:00,315.84,315.92,315.66,315.68,9846.63,885,315.877
20230405  15:20:00,315.68,315.92,315.52,315.62,598.05,246,315.693
20230405  15:40:00,315.62,315.92,315.61,315.66,2117.86,381,315.868
20230405  16:00:00,315.69,315.7,315.56,315.62,99.42,40,315.614
20230405  16:20:00,315.55,315.59,315.53,315.53,51.9,23,315.556
20230405  16:40:00,315.55,315.59,315.51,315.55,46.25,15,315.547
20230405  17:00:00,315.54,315.55,315.31,315.38,382.57,80,315.403
20230405  17:20:00,315.38,315.55,315.38,315.5,124.56,42,315.455
20230405  17:40:00,315.43,315.54,315.42,315.51,49.94,17,315.475
20230405  18:00:00,315.44,315.5,315.36,315.47,87.87,35,315.416
20230405  18:20:00,315.46,315.46,315.27,315.27,317.07,57,315.351
20230405  18:40:00,315.27,315.34,315.21,315.3,513.27,120,315.279
20230406  03:00:00,315.53,315.65,315.33,315.6,237.19,68,315.514
20230406  03:20:00,315.58,315.62,315.27,315.3,106.06,35,315.396
20230406  03:40:00,315.26,315.32,315.13,315.21,51.86,23,315.216
20230406  04:00:00,315.28,315.32,315.06,315.1,101.12,27,315.211
20230406  04:20:00,315.07,315.21,315.07,315.17,24.5,10,315.13
20230406  04:40:00,315.22,315.26,314.09,314.2,257.13,95,314.496
20230406  05:00:00,314.19,314.54,313.65,314.54,282.06,100,313.886
20230406  05:20:00,314.59,314.95,314.52,314.95,175.75,65,314.677
20230406  05:40:00,314.88,315.09,314.82,315.09,264.15,64,314.924
20230406  06:00:00,315.09,315.43,315,315.36,776.89,175,315.242
20230406  06:20:00,315.27,315.56,315.21,315.44,486.29,162,315.431
20230406  06:40:00,315.45,315.61,315.39,315.59,237.04,92,315.542
20230406  07:00:00,315.15,315.85,313.96,315.06,2173.07,537,315.228
20230406  07:20:00,315.04,315.36,314.5,314.85,3097.46,966,314.808
20230406  07:40:00,314.85,314.87,314.34,314.43,2234.74,749,314.653
20230406  08:00:00,314.37,314.56,314.12,314.16,1344.22,551,314.323
20230406  08:20:00,314.12,314.37,312.96,313.13,26000.29,13834,313.515
20230406  08:40:00,313.13,313.69,312.82,313.64,23799.66,12552,313.22
20230406  09:00:00,313.65,315.28,313.55,314.59,34507.07,18943,314.608
20230406  09:20:00,314.59,315.19,314.38,314.7,18871.82,10538,314.686
20230406  09:40:00,314.69,314.87,314.17,314.54,15239.54,7968,314.534
20230406  10:00:00,314.51,315.7,314.38,315.7,13953.22,7441,315.24
20230406  10:20:00,315.69,316.36,315.56,316.36,16252.98,9164,315.878
20230406  10:40:00,316.36,317.06,316.29,316.95,18916.57,9916,316.763
20230406  11:00:00,316.95,317.66,316.95,317.14,19890.88,10632,317.347
20230406  11:20:00,317.13,317.85,317.02,317.48,10911.32,6240,317.475
20230406  11:40:00,317.48,317.78,317,317.06,11782.47,6584,317.422
20230406  12:00:00,317.09,317.69,316.87,317.49,10501.13,5877,317.327
20230406  12:20:00,317.5,317.92,317.4,317.85,10037.95,5687,317.655
20230406  12:40:00,317.86,318.13,317.61,318.06,9257.33,5488,317.868
20230406  13:00:00,318.07,318.53,317.91,318.4,13343.26,7180,318.227
20230406  13:20:00,318.41,318.55,318.17,318.21,11244.21,5631,318.382
20230406  13:40:00,318.21,318.46,317.94,318.01,11174.75,5924,318.209
20230406  14:00:00,318,318.25,317.67,317.73,12323.1,6745,317.987
20230406  14:20:00,317.73,318.44,317.65,318.25,13728.06,7614,318.156
20230406  14:40:00,318.25,318.31,317.8,318.1,36760.37,17617,318.091
20230406  15:00:00,318.1,318.1,317.88,317.91,9373.64,944,318.03
20230406  15:20:00,317.91,317.95,317.8,317.88,985.63,307,317.899
20230406  15:40:00,317.89,318.05,317.84,317.9,1986.5,191,317.981
20230406  16:00:00,317.91,317.96,317.89,317.95,161.48,57,317.938
20230406  16:20:00,317.95,317.95,317.88,317.88,60.18,27,317.917
20230406  16:40:00,317.91,317.94,317.74,317.85,251.24,62,317.872
20230406  17:00:00,317.8,317.8,317.55,317.69,1108.92,261,317.663
20230406  17:20:00,317.67,317.73,317.65,317.72,299.62,47,317.69
20230406  17:40:00,317.71,317.74,317.7,317.7,47.51,15,317.719
20230406  18:00:00,317.69,317.74,317.66,317.68,64.73,21,317.71
20230406  18:20:00,317.72,317.75,317.62,317.66,86.42,28,317.671
20230406  18:40:00,317.7,317.84,317.69,317.82,183.9,46,317.81
